<collection xmlns="http://exist.sourceforge.net/NS/exist" name="/db/xproc" version="1" owner="admin" group="dba" mode="755" created="2011-03-28T20:22:27.678-04:00">
    <resource type="BinaryResource" name="run.xql" skip="no" owner="admin" group="dba" mode="755" created="2011-03-28T20:22:29.819-04:00" modified="2011-03-28T20:22:29.819-04:00" filename="run.xql" mimetype="application/xquery"/>
    <resource type="XMLResource" name="components-xproc-steps.xml" skip="no" owner="admin" group="dba" mode="755" created="2011-03-28T20:22:29.43-04:00" modified="2011-03-28T20:22:29.43-04:00" filename="components-xproc-steps.xml" mimetype="text/xml"/>
    <resource type="XMLResource" name="core-xproc-steps.xml" skip="no" owner="admin" group="dba" mode="755" created="2011-03-28T20:22:29.464-04:00" modified="2011-03-28T20:22:29.464-04:00" filename="core-xproc-steps.xml" mimetype="text/xml"/>
    <resource type="XMLResource" name="examples.xml" skip="no" owner="admin" group="dba" mode="755" created="2011-03-28T20:22:29.484-04:00" modified="2011-03-28T20:22:29.484-04:00" filename="examples.xml" mimetype="text/xml"/>
    <resource type="XMLResource" name="extension-xproc-steps.xml" skip="no" owner="admin" group="dba" mode="755" created="2011-03-28T20:22:29.543-04:00" modified="2011-03-28T20:22:29.543-04:00" filename="extension-xproc-steps.xml" mimetype="text/xml"/>
    <resource type="XMLResource" name="functions-xproc-steps.xml" skip="no" owner="admin" group="dba" mode="755" created="2011-03-28T20:22:29.56-04:00" modified="2011-03-28T20:22:29.56-04:00" filename="functions-xproc-steps.xml" mimetype="text/xml"/>
    <resource type="XMLResource" name="optional-xproc-steps.xml" skip="no" owner="admin" group="dba" mode="755" created="2011-03-28T20:22:29.596-04:00" modified="2011-03-28T20:22:29.596-04:00" filename="optional-xproc-steps.xml" mimetype="text/xml"/>
    <resource type="XMLResource" name="sidebar.xml" skip="no" owner="admin" group="dba" mode="755" created="2011-03-28T20:22:29.637-04:00" modified="2011-03-28T20:22:29.637-04:00" filename="sidebar.xml" mimetype="text/xml"/>
    <resource type="XMLResource" name="standard-xproc-steps.xml" skip="no" owner="admin" group="dba" mode="755" created="2011-03-28T20:22:29.674-04:00" modified="2011-03-28T20:22:29.674-04:00" filename="standard-xproc-steps.xml" mimetype="text/xml"/>
    <resource type="XMLResource" name="xproc.xml" skip="no" owner="admin" group="dba" mode="755" created="2011-03-28T20:22:29.695-04:00" modified="2011-03-28T20:22:29.695-04:00" filename="xproc.xml" mimetype="text/xml"/>
    <resource type="BinaryResource" name="controller.xql" skip="no" owner="admin" group="dba" mode="755" created="2011-03-28T20:22:29.805-04:00" modified="2011-03-28T20:22:29.805-04:00" filename="controller.xql" mimetype="application/xquery"/>
    <subcollection name="unit-test" filename="unit-test"/>
    <subcollection name="result" filename="result"/>
    <subcollection name="xslt" filename="xslt"/>
    <subcollection name="pipelines" filename="pipelines"/>
    <subcollection name="xml" filename="xml"/>
    <subcollection name="examples" filename="examples"/>
</collection>