<?xml version="1.0" encoding="UTF-8"?>
<!-- $Id$ --><article><articleinfo><graphic fileref="../logo.jpg"/><productname>Open Source Native XML Database</productname><title>XProc Examples</title><author><firstname>Wolfgang M.</firstname><surname>Meier</surname><affiliation><address format="linespecific"><email>wolfgang at exist-db.org</email></address></affiliation></author><author><firstname>James</firstname><surname>Fuller</surname><affiliation><address format="linespecific"><email>jim.fuller at webcomposite.com</email></address></affiliation></author></articleinfo><xi:include xmlns:xi="http://www.w3.org/2001/XInclude" href="sidebar.xml"/><section><title>XProc Examples</title><para>A few examples using xprocxq a pure XQuery implementation of the XProc standard, which is closely
                integrated with eXist.</para><para>To run any of these examples, some files have to be stored into the database. This
            can be done through the "Examples Setup" page on the <ulink url="../admin/">admin web 
                application</ulink>.</para><table frame="void"><caption>Examples</caption><tbody><tr><td><a href="examples/hello.xproc" target="_example">hello.xproc</a></td><td>"Hello world" in XProc</td></tr><tr><td><a href="examples/xslt-identity.xproc" target="_example">xslt-identity.xproc</a></td><td>Pass an XML fragment through an XSLT identity transformation.</td></tr><tr><td><a href="examples/twitter.xproc" target="_example">twitter.xproc</a></td><td>Retrieve a feed from twitter in Atom format and display it.</td></tr><tr><td><a href="examples/pdirectory-list-native.xproc" target="_example">p:directory-list-native.xproc</a></td><td>p:directory step example working on eXist collections.</td></tr><tr><td><a href="examples/pdirectory-list-local.xproc" target="_example">p:directory-list-local.xproc</a></td><td>p:directory step example on file system directories (NOTE - requires existdb File module to be enabled).</td></tr><tr><td><a href="examples/simple-pipeline.xproc?stdin=/db/xproc/examples/test.xml" target="_example">xslt transformation</a></td><td>Apply xslt transformation to input supplied as a url paramater.</td></tr></tbody></table><note><para>Files with the .xproc extension are identified by the REST server and automatically forwarded to xprocxq for processing.</para></note></section></article>