<?xml version="1.0" encoding="UTF-8"?>
<article><articleinfo><graphic fileref="../logo.jpg"/><productname>Open Source Native XML Database</productname><title>XProc Extensions Steps</title><author><firstname>James</firstname><surname>Fuller</surname><affiliation><address format="linespecific"><email>jim.fuller at webcomposite.com</email></address></affiliation></author></articleinfo><xi:include xmlns:xi="http://www.w3.org/2001/XInclude" href="sidebar.xml"/><section><title>XProc Extensions Steps</title><para>The </para></section><section><a name="pipeline"/><title>p:pipeline</title><para/></section><section><a name="foreach"/><title>p:for-each</title><para/></section><section><a name="viewport"/><title>p:viewport</title><para/></section><section><a name="group"/><title>p:group</title><para/></section><section><a name="choose"/><title>p:choose</title><para/></section><section><a name="try"/><title>p:try</title><para/></section></article>