<?xml version="1.0" encoding="UTF-8"?>
<article><articleinfo><graphic fileref="../logo.jpg"/><productname>Open Source Native XML Database</productname><title>XProc Optional Steps</title><author><firstname>James</firstname><surname>Fuller</surname><affiliation><address format="linespecific"><email>jim.fuller at webcomposite.com</email></address></affiliation></author></articleinfo><xi:include xmlns:xi="http://www.w3.org/2001/XInclude" href="sidebar.xml"/><section><title>XProc Optional Steps</title><para>The </para></section><section><a name="p:exec"/><title>p:exec</title><para/></section><section><a name="p:hash"/><title>p:hash</title><para/></section><section><a name="p:uuid"/><title>p:uuid</title><para/></section><section><a name="p:validate-with-relax-ng"/><title>p:validate-with-relax-ng</title><para/></section><section><a name="p:validate-with-schematron"/><title>p:validate-with-schematron</title><para/></section><section><a name="p:validate-with-xml-schema"/><title>p:validate-with-xml-schema</title><para/></section><section><a name="p:www-form-urldecode"/><title>p:www-form-urldecode</title><para/></section><section><a name="p:www-form-urlencode"/><title>p:www-form-urlencode</title><para/></section><section><a name="p:xquery"/><title>p:xquery</title><para/></section><section><a name="p:xsl-formatter"/><title>p:xsl-formatter</title><para/></section></article>