<?xml version="1.0" encoding="UTF-8"?>
<sidebar xmlns="http://exist-db.org/NS/sidebar" title="Navigation"><search href="../xquery/search.xql"/><toolbar><link href="../index.xml">Home</link><link href="../download.xml">Download</link><link href="http://atomic.exist-db.org">Wiki</link><link href="../examples.xml">Demo</link></toolbar><group name="About Us"><item><link href="../credits.xml">Who we are</link></item><item><link href="../acknowledge.xml">Acknowledgements</link></item>
        <!--item>
            <link href="http://atomic.exist-db.org/blogs/eXist/Press/">Press/Contact</link>
        </item--></group><group name="Documentation"><item><link href="../quickstart.xml">Quick Start</link></item><item><link href="../xquery/functions.xql">Function Library</link></item><item><link href="../extensions.xml">Extension Modules</link></item><item><link href="../documentation.xml">Main Documentation</link></item><item><link href="../facts.xml">Feature Sheet</link></item><item><link href="http://en.wikibooks.org/wiki/XQuery">XQuery Wikibook</link></item></group><group name="Examples"><item><link href="../sandbox/sandbox.xql">XQuery Sandbox</link></item><item><link href="../xquery/acronyms.xql">XML Acronyms</link></item><item><link href="../cocoon/biblio.xq">Bibliographic</link></item><item><link href="../examples.xml">All Examples</link></item></group><group name="Community"><item><link href="../index.xml#mailing">Mailing List/IRC</link></item>
        <!--item>
            <link href="http://wiki.exist-db.org/space/ThirdPartyTools">
                Third Party Tools
            </link>
        </item--></group><group name="Development"><item><link href="../api/index.html">Javadocs</link></item><item><link href="http://demo.exist-db.org/exist/xquery/svnlog.xql">ChangeLog</link></item><item><link href="http://sourceforge.net/tracker/?group_id=17691&amp;atid=117691">Bug
                Tracker</link></item><item><link href="http://sourceforge.net/svn/?group_id=17691">Subversion</link></item><item><link href="http://sourceforge.net/tracker/?atid=317691&amp;group_id=17691&amp;func=browse">Submit Patches</link></item></group><group name="Administration"><item><link href="../admin/admin.xql">Admin</link></item><item><link href="../cocoon/status">Server Status</link></item><item><link href="../webstart/exist.jnlp">Webstart Client</link></item><item><link href="../webstart/exist.jnlp"><img src="../resources/webstart.small.jpg" border="0"/></link></item></group><banner><link href="http://exist-db.org"><img alt="powered by eXist" border="0" src="resources/powered.gif"/></link></banner><banner name="" empty="true"><link href="http://sourceforge.net/projects/exist"><img src="http://sourceforge.net/sflogo.php?group_id=17691&amp;type=4" width="125" height="37" border="0" alt="SourceForge Logo"/></link></banner><banner><link href="http://www.java.net"><img src="resources/javanet_button_90.gif" border="0" alt="java.net Member Button"/></link></banner><reference><link href="http://www.izforge.com/izpack/"><img src="resources/izpack-88x31.png" border="0" alt="IzPack Installer Generator"/></link></reference></sidebar>