<?xml version="1.0" encoding="UTF-8"?>
<article><articleinfo><graphic fileref="../logo.jpg"/><productname>Open Source Native XML Database</productname><title>XProc Standard Steps</title><author><firstname>James</firstname><surname>Fuller</surname><affiliation><address format="linespecific"><email>jim.fuller at webcomposite.com</email></address></affiliation></author></articleinfo><xi:include xmlns:xi="http://www.w3.org/2001/XInclude" href="sidebar.xml"/><section><title>XProc Standard Steps</title><para>The </para></section><section><a name="p:add-attribute"/><title>p:add-attribute</title><para/></section><section><a name="p:add-xml-base"/><title>p:add-xml-base</title><para/></section><section><a name="p:compare"/><title>p:compare</title><para/></section><section><a name="p:count"/><title>p:count</title><para/></section><section><a name="p:delete"/><title>p:delete</title><para/></section><section><a name="p:directory-list"/><title>p:directory-list</title><para/></section><section><a name="p:error"/><title>p:error</title><para/></section><section><a name="p:escape-markup"/><title>p:escape-markup</title><para/></section><section><a name="p:filter"/><title>p:filter</title><para/></section><section><a name="p:http-request"/><title>p:http-request</title><para/></section><section><a name="p:identity"/><title>p:identity</title><para/></section><section><a name="p:insert"/><title>p:insert</title><para/></section><section><a name="p:label-elements"/><title>p:label-elements</title><para/></section><section><a name="p:load"/><title>p:load</title><para/></section><section><a name="p:make-absolute-uris"/><title>p:make-absolute-uris</title><para/></section><section><a name="p:namespace-rename"/><title>p:namespace-rename</title><para/></section><section><a name="p:pack"/><title>p:pack</title><para/></section><section><a name="p:parameters"/><title>p:parameters</title><para/></section><section><a name="p:rename"/><title>p:rename</title><para/></section><section><a name="p:replace"/><title>p:replace</title><para/></section><section><a name="p:set-attributes"/><title>p:set-attributes</title><para/></section><section><a name="p:sink"/><title>p:sink</title><para/></section><section><a name="p:split-sequence"/><title>p:split-sequence</title><para/></section><section><a name="p:store"/><title>p:store</title><para/></section><section><a name="p:string-replace"/><title>p:string-replace</title><para/></section><section><a name="p:unescape-markup"/><title>p:unescape-markup</title><para/></section><section><a name="p:unwrap"/><title>p:unwrap</title><para/></section><section><a name="p:wrap"/><title>p:wrap</title><para/></section><section><a name="p:wrap-sequence"/><title>p:wrap-sequence</title><para/></section><section><a name="p:xinclude"/><title>p:xinclude</title><para/></section><section><a name="p:xslt"/><title>p:xslt</title><para/></section></article>