<?xml version="1.0" encoding="UTF-8"?>
<atom:feed xmlns="http://www.w3.org/2005/Atom" xmlns:atom="http://www.w3.org/2005/Atom" xmlns:twitter="http://api.twitter.com" xmlns:georss="http://www.georss.org/georss" xml:lang="en-US"><atom:title>Twitter / existdb</atom:title><atom:id>tag:twitter.com,2007:Status</atom:id><atom:link type="text/html" href="http://twitter.com/existdb" rel="alternate"/><atom:link type="application/atom+xml" href="http://twitter.com/statuses/user_timeline/existdb.atom" rel="self"/><atom:updated>2011-03-29T00:21:48+00:00</atom:updated><atom:subtitle>Twitter updates from eXist XML Database / existdb.</atom:subtitle><atom:entry><atom:title>existdb: @kitwallace We already thought about a function to parse JSON into XML. Easy to implement. But I wonder how XSLT 3.0 defines the mapping?</atom:title><atom:content type="html">existdb: @kitwallace We already thought about a function to parse JSON into XML. Easy to implement. But I wonder how XSLT 3.0 defines the mapping?</atom:content><atom:id>tag:twitter.com,2007:http://twitter.com/existdb/statuses/52296509068279808</atom:id><atom:published>2011-03-28T09:10:34+00:00</atom:published><atom:updated>2011-03-28T09:10:34+00:00</atom:updated><atom:link type="text/html" href="http://twitter.com/existdb/statuses/52296509068279808" rel="alternate"/><atom:link type="image/png" href="http://a2.twimg.com/profile_images/1283963001/x_normal.png" rel="image"/><atom:author><atom:name>eXist XML Database</atom:name><atom:uri>http://www.exist-db.org</atom:uri></atom:author><twitter:source>web</twitter:source><twitter:place/></atom:entry><atom:entry><atom:title>existdb: Fast and easy JSON output: using the new JSON serializer in eXist. http://atomic.exist-db.org/blogs/eXist/JSONSerializer</atom:title><atom:content type="html">existdb: Fast and easy JSON output: using the new JSON serializer in eXist. http://atomic.exist-db.org/blogs/eXist/JSONSerializer</atom:content><atom:id>tag:twitter.com,2007:http://twitter.com/existdb/statuses/52112285396779008</atom:id><atom:published>2011-03-27T20:58:31+00:00</atom:published><atom:updated>2011-03-27T20:58:31+00:00</atom:updated><atom:link type="text/html" href="http://twitter.com/existdb/statuses/52112285396779008" rel="alternate"/><atom:link type="image/png" href="http://a2.twimg.com/profile_images/1283963001/x_normal.png" rel="image"/><atom:author><atom:name>eXist XML Database</atom:name><atom:uri>http://www.exist-db.org</atom:uri></atom:author><twitter:source>web</twitter:source><twitter:place/></atom:entry><atom:entry><atom:title>existdb: RT @anneschuth: For more on fast faceted search in  eXist: http://ilps.science.uva.nl/PoliticalMashup/uploads/2011/02/fast-faceted-searc ...</atom:title><atom:content type="html">existdb: RT @anneschuth: For more on fast faceted search in  eXist: http://ilps.science.uva.nl/PoliticalMashup/uploads/2011/02/fast-faceted-searc ...</atom:content><atom:id>tag:twitter.com,2007:http://twitter.com/existdb/statuses/51662933524086784</atom:id><atom:published>2011-03-26T15:12:57+00:00</atom:published><atom:updated>2011-03-26T15:12:57+00:00</atom:updated><atom:link type="text/html" href="http://twitter.com/existdb/statuses/51662933524086784" rel="alternate"/><atom:link type="image/png" href="http://a2.twimg.com/profile_images/1283963001/x_normal.png" rel="image"/><atom:author><atom:name>eXist XML Database</atom:name><atom:uri>http://www.exist-db.org</atom:uri></atom:author><twitter:source>&lt;a href="http://www.tweetdeck.com" rel="nofollow"&gt;TweetDeck&lt;/a&gt;</twitter:source><twitter:place/></atom:entry><atom:entry><atom:title>existdb: Charles Foster has released a very fast XQJ API implementation for #existdb just in time for #xmlprague http://www.xqjapi.com #fostercharles</atom:title><atom:content type="html">existdb: Charles Foster has released a very fast XQJ API implementation for #existdb just in time for #xmlprague http://www.xqjapi.com #fostercharles</atom:content><atom:id>tag:twitter.com,2007:http://twitter.com/existdb/statuses/51633857002340352</atom:id><atom:published>2011-03-26T13:17:25+00:00</atom:published><atom:updated>2011-03-26T13:17:25+00:00</atom:updated><atom:link type="text/html" href="http://twitter.com/existdb/statuses/51633857002340352" rel="alternate"/><atom:link type="image/png" href="http://a2.twimg.com/profile_images/1283963001/x_normal.png" rel="image"/><atom:author><atom:name>eXist XML Database</atom:name><atom:uri>http://www.exist-db.org</atom:uri></atom:author><twitter:source>&lt;a href="http://www.tweetdeck.com" rel="nofollow"&gt;TweetDeck&lt;/a&gt;</twitter:source><twitter:place/></atom:entry><atom:entry><atom:title>existdb: RT @adamretter: Just implemented #EXPath Zip Module extract functions natively in #existdb - took maybe 1 hour. This is easy, all vendor ...</atom:title><atom:content type="html">existdb: RT @adamretter: Just implemented #EXPath Zip Module extract functions natively in #existdb - took maybe 1 hour. This is easy, all vendor ...</atom:content><atom:id>tag:twitter.com,2007:http://twitter.com/existdb/statuses/51605605806387200</atom:id><atom:published>2011-03-26T11:25:09+00:00</atom:published><atom:updated>2011-03-26T11:25:09+00:00</atom:updated><atom:link type="text/html" href="http://twitter.com/existdb/statuses/51605605806387200" rel="alternate"/><atom:link type="image/png" href="http://a2.twimg.com/profile_images/1283963001/x_normal.png" rel="image"/><atom:author><atom:name>eXist XML Database</atom:name><atom:uri>http://www.exist-db.org</atom:uri></atom:author><twitter:source>&lt;a href="http://www.tweetdeck.com" rel="nofollow"&gt;TweetDeck&lt;/a&gt;</twitter:source><twitter:place/></atom:entry><atom:entry><atom:title>existdb: Thanks to all the speakers and attendees at the #existdb meetup and pre-conference in Prague, and see you tomorrow for the real #xmlprague</atom:title><atom:content type="html">existdb: Thanks to all the speakers and attendees at the #existdb meetup and pre-conference in Prague, and see you tomorrow for the real #xmlprague</atom:content><atom:id>tag:twitter.com,2007:http://twitter.com/existdb/statuses/51430610153111552</atom:id><atom:published>2011-03-25T23:49:47+00:00</atom:published><atom:updated>2011-03-25T23:49:47+00:00</atom:updated><atom:link type="text/html" href="http://twitter.com/existdb/statuses/51430610153111552" rel="alternate"/><atom:link type="image/png" href="http://a2.twimg.com/profile_images/1283963001/x_normal.png" rel="image"/><atom:author><atom:name>eXist XML Database</atom:name><atom:uri>http://www.exist-db.org</atom:uri></atom:author><twitter:source>&lt;a href="http://www.tweetdeck.com" rel="nofollow"&gt;TweetDeck&lt;/a&gt;</twitter:source><twitter:place/></atom:entry><atom:entry><atom:title>existdb: RT @jirkakosek: #xmlprague proceedings are online at http://www.xmlprague.cz/2011/files/xmlprague-2011-proceedings.pdf</atom:title><atom:content type="html">existdb: RT @jirkakosek: #xmlprague proceedings are online at http://www.xmlprague.cz/2011/files/xmlprague-2011-proceedings.pdf</atom:content><atom:id>tag:twitter.com,2007:http://twitter.com/existdb/statuses/51302922813841408</atom:id><atom:published>2011-03-25T15:22:24+00:00</atom:published><atom:updated>2011-03-25T15:22:24+00:00</atom:updated><atom:link type="text/html" href="http://twitter.com/existdb/statuses/51302922813841408" rel="alternate"/><atom:link type="image/png" href="http://a2.twimg.com/profile_images/1283963001/x_normal.png" rel="image"/><atom:author><atom:name>eXist XML Database</atom:name><atom:uri>http://www.exist-db.org</atom:uri></atom:author><twitter:source>&lt;a href="http://itunes.apple.com/app/twitter/id333903271?mt=8" rel="nofollow"&gt;Twitter for iPad&lt;/a&gt;</twitter:source><twitter:place/></atom:entry><atom:entry><atom:title>existdb: Prague pre-conference starts in just 1.5 hours, topics #existdb #expath #xquery performance, see you there - http://bit.ly/eOr4cb</atom:title><atom:content type="html">existdb: Prague pre-conference starts in just 1.5 hours, topics #existdb #expath #xquery performance, see you there - http://bit.ly/eOr4cb</atom:content><atom:id>tag:twitter.com,2007:http://twitter.com/existdb/statuses/51167512380973056</atom:id><atom:published>2011-03-25T06:24:20+00:00</atom:published><atom:updated>2011-03-25T06:24:20+00:00</atom:updated><atom:link type="text/html" href="http://twitter.com/existdb/statuses/51167512380973056" rel="alternate"/><atom:link type="image/png" href="http://a2.twimg.com/profile_images/1283963001/x_normal.png" rel="image"/><atom:author><atom:name>eXist XML Database</atom:name><atom:uri>http://www.exist-db.org</atom:uri></atom:author><twitter:source>&lt;a href="http://www.tweetdeck.com" rel="nofollow"&gt;TweetDeck&lt;/a&gt;</twitter:source><twitter:place/></atom:entry><atom:entry><atom:title>existdb: We might have a live media stream available of the #preconference .. The flash-applet is on the main page. #xmlprague #existdb</atom:title><atom:content type="html">existdb: We might have a live media stream available of the #preconference .. The flash-applet is on the main page. #xmlprague #existdb</atom:content><atom:id>tag:twitter.com,2007:http://twitter.com/existdb/statuses/51048163775229952</atom:id><atom:published>2011-03-24T22:30:05+00:00</atom:published><atom:updated>2011-03-24T22:30:05+00:00</atom:updated><atom:link type="text/html" href="http://twitter.com/existdb/statuses/51048163775229952" rel="alternate"/><atom:link type="image/png" href="http://a2.twimg.com/profile_images/1283963001/x_normal.png" rel="image"/><atom:author><atom:name>eXist XML Database</atom:name><atom:uri>http://www.exist-db.org</atom:uri></atom:author><twitter:source>&lt;a href="http://itunes.apple.com/app/twitter/id333903271?mt=8" rel="nofollow"&gt;Twitter for iPad&lt;/a&gt;</twitter:source><twitter:place/></atom:entry><atom:entry><atom:title>existdb: RT @georgebina: Arrived in Prague for #xmlprague. Tomorrow eXist pre-conference day with a demo of the oXygen debugger for eXist.</atom:title><atom:content type="html">existdb: RT @georgebina: Arrived in Prague for #xmlprague. Tomorrow eXist pre-conference day with a demo of the oXygen debugger for eXist.</atom:content><atom:id>tag:twitter.com,2007:http://twitter.com/existdb/statuses/51047172636033026</atom:id><atom:published>2011-03-24T22:26:09+00:00</atom:published><atom:updated>2011-03-24T22:26:09+00:00</atom:updated><atom:link type="text/html" href="http://twitter.com/existdb/statuses/51047172636033026" rel="alternate"/><atom:link type="image/png" href="http://a2.twimg.com/profile_images/1283963001/x_normal.png" rel="image"/><atom:author><atom:name>eXist XML Database</atom:name><atom:uri>http://www.exist-db.org</atom:uri></atom:author><twitter:source>&lt;a href="http://itunes.apple.com/app/twitter/id333903271?mt=8" rel="nofollow"&gt;Twitter for iPad&lt;/a&gt;</twitter:source><twitter:place/></atom:entry><atom:entry><atom:title>existdb: eXist Solutions who provide services for #existdb have just launched their new website http://www.existsolutions.com #existsolutions</atom:title><atom:content type="html">existdb: eXist Solutions who provide services for #existdb have just launched their new website http://www.existsolutions.com #existsolutions</atom:content><atom:id>tag:twitter.com,2007:http://twitter.com/existdb/statuses/50983828159868928</atom:id><atom:published>2011-03-24T18:14:26+00:00</atom:published><atom:updated>2011-03-24T18:14:26+00:00</atom:updated><atom:link type="text/html" href="http://twitter.com/existdb/statuses/50983828159868928" rel="alternate"/><atom:link type="image/png" href="http://a2.twimg.com/profile_images/1283963001/x_normal.png" rel="image"/><atom:author><atom:name>eXist XML Database</atom:name><atom:uri>http://www.exist-db.org</atom:uri></atom:author><twitter:source>&lt;a href="http://www.tweetdeck.com" rel="nofollow"&gt;TweetDeck&lt;/a&gt;</twitter:source><twitter:place/></atom:entry><atom:entry><atom:title>existdb: RT @windauer: betterFORM on its way to #xmlprague and #exist preconference. Estimate arrival time today at about 6.  http://t.co/7Mxlk82</atom:title><atom:content type="html">existdb: RT @windauer: betterFORM on its way to #xmlprague and #exist preconference. Estimate arrival time today at about 6.  http://t.co/7Mxlk82</atom:content><atom:id>tag:twitter.com,2007:http://twitter.com/existdb/statuses/50952404698533888</atom:id><atom:published>2011-03-24T16:09:34+00:00</atom:published><atom:updated>2011-03-24T16:09:34+00:00</atom:updated><atom:link type="text/html" href="http://twitter.com/existdb/statuses/50952404698533888" rel="alternate"/><atom:link type="image/png" href="http://a2.twimg.com/profile_images/1283963001/x_normal.png" rel="image"/><atom:author><atom:name>eXist XML Database</atom:name><atom:uri>http://www.exist-db.org</atom:uri></atom:author><twitter:source>&lt;a href="http://www.tweetdeck.com" rel="nofollow"&gt;TweetDeck&lt;/a&gt;</twitter:source><twitter:place/></atom:entry><atom:entry><atom:title>existdb: Several eXist-db users are already in Prague in advance of the eXist-db meetup/preconference on Fri,  and of course XML Prague</atom:title><atom:content type="html">existdb: Several eXist-db users are already in Prague in advance of the eXist-db meetup/preconference on Fri,  and of course XML Prague</atom:content><atom:id>tag:twitter.com,2007:http://twitter.com/existdb/statuses/50847789873242112</atom:id><atom:published>2011-03-24T09:13:52+00:00</atom:published><atom:updated>2011-03-24T09:13:52+00:00</atom:updated><atom:link type="text/html" href="http://twitter.com/existdb/statuses/50847789873242112" rel="alternate"/><atom:link type="image/png" href="http://a2.twimg.com/profile_images/1283963001/x_normal.png" rel="image"/><atom:author><atom:name>eXist XML Database</atom:name><atom:uri>http://www.exist-db.org</atom:uri></atom:author><twitter:source>&lt;a href="http://www.tweetdeck.com" rel="nofollow"&gt;TweetDeck&lt;/a&gt;</twitter:source><twitter:place/></atom:entry><atom:entry><atom:title>existdb: RT @xmlprague: #xmlprague is boosting Apple! RT @appletweets: iPad 2 Not Delayed In Czech Republic. Translation Error On Apple’s Part? h ...</atom:title><atom:content type="html">existdb: RT @xmlprague: #xmlprague is boosting Apple! RT @appletweets: iPad 2 Not Delayed In Czech Republic. Translation Error On Apple’s Part? h ...</atom:content><atom:id>tag:twitter.com,2007:http://twitter.com/existdb/statuses/50671130951946240</atom:id><atom:published>2011-03-23T21:31:53+00:00</atom:published><atom:updated>2011-03-23T21:31:53+00:00</atom:updated><atom:link type="text/html" href="http://twitter.com/existdb/statuses/50671130951946240" rel="alternate"/><atom:link type="image/png" href="http://a2.twimg.com/profile_images/1283963001/x_normal.png" rel="image"/><atom:author><atom:name>eXist XML Database</atom:name><atom:uri>http://www.exist-db.org</atom:uri></atom:author><twitter:source>&lt;a href="http://itunes.apple.com/app/twitter/id333903271?mt=8" rel="nofollow"&gt;Twitter for iPad&lt;/a&gt;</twitter:source><twitter:place/></atom:entry><atom:entry><atom:title>existdb: RT @joewiz: Great new article from @xquery on classifying content with #XQuery #existdb #textanalysis #entityextraction #rest http://ibm ...</atom:title><atom:content type="html">existdb: RT @joewiz: Great new article from @xquery on classifying content with #XQuery #existdb #textanalysis #entityextraction #rest http://ibm ...</atom:content><atom:id>tag:twitter.com,2007:http://twitter.com/existdb/statuses/50320308858654720</atom:id><atom:published>2011-03-22T22:17:51+00:00</atom:published><atom:updated>2011-03-22T22:17:51+00:00</atom:updated><atom:link type="text/html" href="http://twitter.com/existdb/statuses/50320308858654720" rel="alternate"/><atom:link type="image/png" href="http://a3.twimg.com/profile_images/1242341560/existdb-x_normal.png" rel="image"/><atom:author><atom:name>eXist XML Database</atom:name><atom:uri>http://www.exist-db.org</atom:uri></atom:author><twitter:source>&lt;a href="http://www.tweetdeck.com" rel="nofollow"&gt;TweetDeck&lt;/a&gt;</twitter:source><twitter:place/></atom:entry><atom:entry><atom:title>existdb: #existdb now has support for upcoming #XQuery 3.0 try/catch syntax</atom:title><atom:content type="html">existdb: #existdb now has support for upcoming #XQuery 3.0 try/catch syntax</atom:content><atom:id>tag:twitter.com,2007:http://twitter.com/existdb/statuses/48830567860547584</atom:id><atom:published>2011-03-18T19:38:09+00:00</atom:published><atom:updated>2011-03-18T19:38:09+00:00</atom:updated><atom:link type="text/html" href="http://twitter.com/existdb/statuses/48830567860547584" rel="alternate"/><atom:link type="image/png" href="http://a3.twimg.com/profile_images/1242341560/existdb-x_normal.png" rel="image"/><atom:author><atom:name>eXist XML Database</atom:name><atom:uri>http://www.exist-db.org</atom:uri></atom:author><twitter:source>&lt;a href="http://www.tweetdeck.com" rel="nofollow"&gt;TweetDeck&lt;/a&gt;</twitter:source><twitter:place/></atom:entry><atom:entry><atom:title>existdb: #existdb now has native support for #EXPath HTTP Client</atom:title><atom:content type="html">existdb: #existdb now has native support for #EXPath HTTP Client</atom:content><atom:id>tag:twitter.com,2007:http://twitter.com/existdb/statuses/48830132571484160</atom:id><atom:published>2011-03-18T19:36:25+00:00</atom:published><atom:updated>2011-03-18T19:36:25+00:00</atom:updated><atom:link type="text/html" href="http://twitter.com/existdb/statuses/48830132571484160" rel="alternate"/><atom:link type="image/png" href="http://a3.twimg.com/profile_images/1242341560/existdb-x_normal.png" rel="image"/><atom:author><atom:name>eXist XML Database</atom:name><atom:uri>http://www.exist-db.org</atom:uri></atom:author><twitter:source>&lt;a href="http://www.tweetdeck.com" rel="nofollow"&gt;TweetDeck&lt;/a&gt;</twitter:source><twitter:place/></atom:entry><atom:entry><atom:title>existdb: RT @xmlprague: dont forget about eXist user group pre conference the day before XML Prague  http://bit.ly/eL0UPE</atom:title><atom:content type="html">existdb: RT @xmlprague: dont forget about eXist user group pre conference the day before XML Prague  http://bit.ly/eL0UPE</atom:content><atom:id>tag:twitter.com,2007:http://twitter.com/existdb/statuses/43058383653322752</atom:id><atom:published>2011-03-02T21:21:33+00:00</atom:published><atom:updated>2011-03-02T21:21:33+00:00</atom:updated><atom:link type="text/html" href="http://twitter.com/existdb/statuses/43058383653322752" rel="alternate"/><atom:link type="image/png" href="http://a3.twimg.com/profile_images/1242341560/existdb-x_normal.png" rel="image"/><atom:author><atom:name>eXist XML Database</atom:name><atom:uri>http://www.exist-db.org</atom:uri></atom:author><twitter:source>&lt;a href="http://www.tweetdeck.com" rel="nofollow"&gt;TweetDeck&lt;/a&gt;</twitter:source><twitter:place/></atom:entry><atom:entry><atom:title>existdb: @smyles Sure just start it with [ANN][JOB] or something similar...</atom:title><atom:content type="html">existdb: @smyles Sure just start it with [ANN][JOB] or something similar...</atom:content><atom:id>tag:twitter.com,2007:http://twitter.com/existdb/statuses/37848961918316544</atom:id><atom:published>2011-02-16T12:21:10+00:00</atom:published><atom:updated>2011-02-16T12:21:10+00:00</atom:updated><atom:link type="text/html" href="http://twitter.com/existdb/statuses/37848961918316544" rel="alternate"/><atom:link type="image/png" href="http://a2.twimg.com/profile_images/1283963001/x_normal.png" rel="image"/><atom:author><atom:name>eXist XML Database</atom:name><atom:uri>http://www.exist-db.org</atom:uri></atom:author><twitter:source>&lt;a href="http://www.tweetdeck.com" rel="nofollow"&gt;TweetDeck&lt;/a&gt;</twitter:source><twitter:place/></atom:entry><atom:entry><atom:title>existdb: RT @xquery: my new IBM devworks article: EXPATH HTTP-Request http://ibm.co/fEtw1n wrote while back, published now #expath</atom:title><atom:content type="html">existdb: RT @xquery: my new IBM devworks article: EXPATH HTTP-Request http://ibm.co/fEtw1n wrote while back, published now #expath</atom:content><atom:id>tag:twitter.com,2007:http://twitter.com/existdb/statuses/37800375981584384</atom:id><atom:published>2011-02-16T09:08:06+00:00</atom:published><atom:updated>2011-02-16T09:08:06+00:00</atom:updated><atom:link type="text/html" href="http://twitter.com/existdb/statuses/37800375981584384" rel="alternate"/><atom:link type="image/png" href="http://a2.twimg.com/profile_images/1283963001/x_normal.png" rel="image"/><atom:author><atom:name>eXist XML Database</atom:name><atom:uri>http://www.exist-db.org</atom:uri></atom:author><twitter:source>&lt;a href="http://www.tweetdeck.com" rel="nofollow"&gt;TweetDeck&lt;/a&gt;</twitter:source><twitter:place/></atom:entry></atom:feed>