<?xml version="1.0" encoding="UTF-8"?>
<mods xmlns="http://www.loc.gov/mods/v3"><titleInfo><title>Emerging production systems in the
            transnationalisation of German carmakers: Adaptation,
            application or innovation?</title></titleInfo><abstract>Based on case studies, this article seeks to
            determine whether or not German carmakers are exporting a
            German production model to overseas plants and to what
            extent the overseas operations have a reciprocal effect on
            production methods in the originating country. It is argued
            that the most adequate analytical concept is one that
            emphasizes interest-driven organizational learning processes.</abstract><name><namePart>Pries, Ludger</namePart></name><location><url>http://www.ruhr-uni-bochum.de/soaps/download/publ-2003_lp_emergingproductionsystems.pdf</url></location><originInfo><dateCreated encoding="w3cdtf">2003-01-24</dateCreated></originInfo><physicalDescription><internetMediaType>application/pdf</internetMediaType></physicalDescription><relatedItem type="otherFormat"><titleInfo><title>New Technology, Work and Employment 18 (2003),
            no. 2</title></titleInfo></relatedItem><subject><topic>business models</topic></subject><subject><topic>production system</topic></subject><subject><topic>automobile industry</topic></subject><subject><topic>company internationalization</topic></subject><subject><topic>international comparison</topic></subject><subject><topic>transplants</topic></subject><subject><topic>Germany</topic></subject><classification authority="IZSOZ">10204</classification><classification authority="IZSOZ">10207</classification><subject authority="IZSOZ"><topic>Bundesrepublik Deutschland</topic></subject><subject authority="IZSOZ"><topic>Fallstudie</topic></subject><subject authority="IZSOZ"><topic>Kraftfahrzeugindustrie</topic></subject><subject authority="IZSOZ"><topic>Produktion</topic></subject><subject authority="IZSOZ"><topic>Unternehmenskultur</topic></subject><subject authority="IZSOZ"><topic>multinationales Unternehmen</topic></subject></mods>