<?xml version="1.0" encoding="UTF-8"?>
<mods xmlns="http://www.loc.gov/mods/v3"><titleInfo><title>The Development of Trade Unions in Western Europe: Global Convergence or Cross-national Diversity?</title></titleInfo><abstract>Trade unions play an important role in Western Europe. They have been subject to, and agents of, social and political changes that reshaped the post-war industrial society. In recent years, trade unions have been facing the threat of membership decline and the challenges of global competition and European economic integration. This poses the question whether union movements are under pressure to adapt in a similar way or whether they differ in their responses. Do we find a trend towards global convergence or does cross-national diversity persist among union movements in Western Europe? Drawing on comparative data from an international research project, we will provide a short portrait of the main patterns in union density and organisational concentration. Instead of a general trend toward convergence, we find signs of persisting diversity across Western Europe in union responses to both social changes and global challenges.</abstract><name><namePart>Ebbinghaus,Bernhard</namePart></name><location><url>http://www.mzes.uni-mannheim.de/eurodata/newsletter/no2/feature.html</url></location><originInfo><publisher>EURODATA Research Archive. Mannheim Centre for European Social Research (MZES)</publisher><dateCreated encoding="w3cdtf">1995</dateCreated></originInfo><physicalDescription><internetMediaType>text/html</internetMediaType></physicalDescription><relatedItem type="otherFormat"><titleInfo><title>EURODATA Newsletter No.2</title></titleInfo></relatedItem><classification authority="IZSOZ">10204</classification><classification authority="IZSOZ">10504</classification><subject authority="IZSOZ"><topic>Europa</topic></subject><subject authority="IZSOZ"><topic>Gewerkschaft</topic></subject><subject authority="IZSOZ"><topic>Gewerkschaftsbewegung</topic></subject><subject authority="IZSOZ"><topic>historische Entwicklung</topic></subject></mods>