<?xml version="1.0" encoding="UTF-8"?>
<mods xmlns="http://www.loc.gov/mods/v3"><titleInfo><title>The Interplay of Cash and Tax Benefits for Children  in Ten European Countries</title></titleInfo><abstract>Whereas cross-sectional comparative research on monetary support for families with children linking quantitative data on cash and tax benefits with institutional regulations and system characteristics seems to be well established, systematic analyses of the long-term lines of development, however, are still lacking. This article therefore aims at analysing the child-related elements of both instruments over a longer span of time. Partly based on a newly accessible database, the presentation uses a descriptive and institution-orientated approach.</abstract><name><namePart>Maucher, Mathias</namePart></name><location><url>http://www.mzes.uni-mannheim.de/eurodata/newsletter/no12-13/feature.html</url></location><originInfo><publisher>EURODATA Research Archive. Mannheim Centre for European Social Research (MZES)</publisher><dateCreated encoding="w3cdtf">2000</dateCreated></originInfo><physicalDescription><internetMediaType>text/html</internetMediaType></physicalDescription><relatedItem type="otherFormat"><titleInfo><title>EURODATA Newsletter No.12/13</title></titleInfo></relatedItem><classification authority="IZSOZ">11007</classification><classification authority="IZSOZ">1090303</classification><subject authority="IZSOZ"><topic>Familienpolitik</topic></subject><subject authority="IZSOZ"><topic>Steuern</topic></subject><subject authority="IZSOZ"><topic>Steuerpolitik</topic></subject><subject authority="IZSOZ"><topic>Umverteilung</topic></subject></mods>