<?xml version="1.0" encoding="UTF-8"?>
<mods xmlns="http://www.loc.gov/mods/v3"><titleInfo><title>Household Labor Demand and Household Labor Supply</title><title type="alternative">An empirical analysis of the employment of
            domestic help in German private households and its effect on
            female labor force participation (Diskussionspapiere aus der
            Fakultät für Sozialwissenschaft, Ruhr-Universität Bochum,
            Nr. 98-14)</title></titleInfo><abstract>In this paper, data from the German Socio-Economic
            Panel (SOEP) will be used to examine the hypothesis that the
            demand for domestic servants and womens supply of market
            work are joint decisions.</abstract><name><namePart>Hank, Karsten</namePart></name><location><url>http://www.ruhr-uni-bochum.de/sowi/top/sowibibliothek/dkpaper/dp98-14.rtf</url></location><originInfo><publisher>Fakultät für Sozialwissenschaft, Ruhr-Universität Bochum</publisher><dateCreated encoding="w3cdtf">1998</dateCreated></originInfo><physicalDescription><internetMediaType>other</internetMediaType></physicalDescription><subject><topic>domestic work</topic></subject><classification authority="IZSOZ">20101</classification><classification authority="IZSOZ">20102</classification><classification authority="IZSOZ">20200</classification><subject authority="IZSOZ"><topic>Arbeitsangebot</topic></subject><subject authority="IZSOZ"><topic>Arbeitskräftebedarf</topic></subject><subject authority="IZSOZ"><topic>Frauenerwerbstätigkeit</topic></subject><subject authority="IZSOZ"><topic>Hausarbeit</topic></subject><subject authority="IZSOZ"><topic>Panel</topic></subject><subject authority="IZSOZ"><topic>Privathaushalt</topic></subject><subject authority="IZSOZ"><topic>informeller Sektor</topic></subject><subject authority="IZSOZ"><topic>ungeschützte Beschäftigung</topic></subject></mods>