<collection xmlns="http://exist.sourceforge.net/NS/exist" name="/db/mods" version="1" owner="admin" group="dba" mode="755" created="2011-03-28T20:22:26.231-04:00">
    <resource type="XMLResource" name="15edb0d6a6226904a06a1c722f45c254.xml" skip="no" owner="admin" group="dba" mode="755" created="2011-03-28T20:22:26.483-04:00" modified="2011-03-28T20:22:26.483-04:00" filename="15edb0d6a6226904a06a1c722f45c254.xml" mimetype="text/xml"/>
    <resource type="XMLResource" name="1bc61942b4cfe0d9c7cbcf01354100ff.xml" skip="no" owner="admin" group="dba" mode="755" created="2011-03-28T20:22:26.569-04:00" modified="2011-03-28T20:22:26.569-04:00" filename="1bc61942b4cfe0d9c7cbcf01354100ff.xml" mimetype="text/xml"/>
    <resource type="XMLResource" name="367d023a407d983c87a6fc69d9bbdedc.xml" skip="no" owner="admin" group="dba" mode="755" created="2011-03-28T20:22:26.621-04:00" modified="2011-03-28T20:22:26.621-04:00" filename="367d023a407d983c87a6fc69d9bbdedc.xml" mimetype="text/xml"/>
    <resource type="XMLResource" name="3ce658042e6e3a11a5d0282c3535f356.xml" skip="no" owner="admin" group="dba" mode="755" created="2011-03-28T20:22:26.687-04:00" modified="2011-03-28T20:22:26.687-04:00" filename="3ce658042e6e3a11a5d0282c3535f356.xml" mimetype="text/xml"/>
    <resource type="XMLResource" name="469523cc93747bf924d8e0b958751b80.xml" skip="no" owner="admin" group="dba" mode="755" created="2011-03-28T20:22:26.751-04:00" modified="2011-03-28T20:22:26.751-04:00" filename="469523cc93747bf924d8e0b958751b80.xml" mimetype="text/xml"/>
    <resource type="XMLResource" name="488781fa2936f68db0019dc5c129c6e0.xml" skip="no" owner="admin" group="dba" mode="755" created="2011-03-28T20:22:26.816-04:00" modified="2011-03-28T20:22:26.816-04:00" filename="488781fa2936f68db0019dc5c129c6e0.xml" mimetype="text/xml"/>
    <resource type="XMLResource" name="4ddc8d34bfbf1d68831f865a38a7e8e4.xml" skip="no" owner="admin" group="dba" mode="755" created="2011-03-28T20:22:26.892-04:00" modified="2011-03-28T20:22:26.892-04:00" filename="4ddc8d34bfbf1d68831f865a38a7e8e4.xml" mimetype="text/xml"/>
    <resource type="XMLResource" name="516ed5d3441f8e7ee8c288943ec02645.xml" skip="no" owner="admin" group="dba" mode="755" created="2011-03-28T20:22:26.994-04:00" modified="2011-03-28T20:22:26.994-04:00" filename="516ed5d3441f8e7ee8c288943ec02645.xml" mimetype="text/xml"/>
    <resource type="XMLResource" name="5226ddd6d6771ced637c765eed7b4f25.xml" skip="no" owner="admin" group="dba" mode="755" created="2011-03-28T20:22:27.06-04:00" modified="2011-03-28T20:22:27.06-04:00" filename="5226ddd6d6771ced637c765eed7b4f25.xml" mimetype="text/xml"/>
    <resource type="XMLResource" name="6a01f5fa08b4a1f6cb6ce183a49a3fb3.xml" skip="no" owner="admin" group="dba" mode="755" created="2011-03-28T20:22:27.095-04:00" modified="2011-03-28T20:22:27.095-04:00" filename="6a01f5fa08b4a1f6cb6ce183a49a3fb3.xml" mimetype="text/xml"/>
    <resource type="XMLResource" name="6d50002e19010956a0c0d7b9de5a1bbf.xml" skip="no" owner="admin" group="dba" mode="755" created="2011-03-28T20:22:27.127-04:00" modified="2011-03-28T20:22:27.127-04:00" filename="6d50002e19010956a0c0d7b9de5a1bbf.xml" mimetype="text/xml"/>
    <resource type="XMLResource" name="6f8722149f877ed67cf87cc436eed91c.xml" skip="no" owner="admin" group="dba" mode="755" created="2011-03-28T20:22:27.164-04:00" modified="2011-03-28T20:22:27.164-04:00" filename="6f8722149f877ed67cf87cc436eed91c.xml" mimetype="text/xml"/>
    <resource type="XMLResource" name="97a3be1167805cc60c01ec703c069e7d.xml" skip="no" owner="admin" group="dba" mode="755" created="2011-03-28T20:22:27.206-04:00" modified="2011-03-28T20:22:27.206-04:00" filename="97a3be1167805cc60c01ec703c069e7d.xml" mimetype="text/xml"/>
    <resource type="XMLResource" name="b117894858ceada1366e79c2908f0d3b.xml" skip="no" owner="admin" group="dba" mode="755" created="2011-03-28T20:22:27.269-04:00" modified="2011-03-28T20:22:27.269-04:00" filename="b117894858ceada1366e79c2908f0d3b.xml" mimetype="text/xml"/>
    <resource type="XMLResource" name="e0612d926ca7eb7ba70d97225540a80b.xml" skip="no" owner="admin" group="dba" mode="755" created="2011-03-28T20:22:27.346-04:00" modified="2011-03-28T20:22:27.346-04:00" filename="e0612d926ca7eb7ba70d97225540a80b.xml" mimetype="text/xml"/>
    <resource type="XMLResource" name="exist-articles.xml" skip="no" owner="admin" group="dba" mode="755" created="2011-03-28T20:22:27.375-04:00" modified="2011-03-28T20:22:27.375-04:00" filename="exist-articles.xml" mimetype="text/xml"/>
    <resource type="XMLResource" name="f6c36a2b2920ebe5a7ca4f11b9676dc1.xml" skip="no" owner="admin" group="dba" mode="755" created="2011-03-28T20:22:27.455-04:00" modified="2011-03-28T20:22:27.455-04:00" filename="f6c36a2b2920ebe5a7ca4f11b9676dc1.xml" mimetype="text/xml"/>
    <resource type="XMLResource" name="fafee1880d1bce01d2bd8da45621a2e1.xml" skip="no" owner="admin" group="dba" mode="755" created="2011-03-28T20:22:27.489-04:00" modified="2011-03-28T20:22:27.489-04:00" filename="fafee1880d1bce01d2bd8da45621a2e1.xml" mimetype="text/xml"/>
    <resource type="XMLResource" name="01c73f2b05650de2e6124d9d113f40be.xml" skip="no" owner="admin" group="dba" mode="755" created="2011-03-28T20:22:26.236-04:00" modified="2011-03-28T20:22:26.236-04:00" filename="01c73f2b05650de2e6124d9d113f40be.xml" mimetype="text/xml"/>
    <resource type="XMLResource" name="0216b628b9bdafadb3bea01bb004a97e.xml" skip="no" owner="admin" group="dba" mode="755" created="2011-03-28T20:22:26.333-04:00" modified="2011-03-28T20:22:26.333-04:00" filename="0216b628b9bdafadb3bea01bb004a97e.xml" mimetype="text/xml"/>
    <resource type="XMLResource" name="0d016e459e3d11d8b38c17a3076b4f5f.xml" skip="no" owner="admin" group="dba" mode="755" created="2011-03-28T20:22:26.389-04:00" modified="2011-03-28T20:22:26.389-04:00" filename="0d016e459e3d11d8b38c17a3076b4f5f.xml" mimetype="text/xml"/>
</collection>