<?xml version="1.0" encoding="UTF-8"?>
<mods xmlns="http://www.loc.gov/mods/v3"><titleInfo><title>CATEWE - A Comparative Analysis of Transitions from Education to Work in Europe</title></titleInfo><abstract>The transition from education to work is one of the most crucial phases in the life-cycle of individuals because it often channels and shapes individual careers and life chances. These transitions differ between European countries due to different educational systems, labour markets, and organization of societal work.</abstract><name><namePart>Gangl, Markus</namePart></name><name><namePart>Hannan, Damian</namePart></name><name><namePart>Raffe, David</namePart></name><name><namePart>Smyth, Emer</namePart></name><location><url>http://www.mzes.uni-mannheim.de/eurodata/newsletter/no8/catewe.html</url></location><originInfo><publisher>EURODATA Research Archive. Mannheim Centre for European Social Research (MZES)</publisher><dateCreated encoding="w3cdtf">1998</dateCreated></originInfo><physicalDescription><internetMediaType>text/html</internetMediaType></physicalDescription><relatedItem type="otherFormat"><titleInfo><title>EURODATA Newsletter No.8</title></titleInfo></relatedItem><classification authority="IZSOZ">10208</classification><subject authority="IZSOZ"><topic>Bildungswesen</topic></subject><subject authority="IZSOZ"><topic>berufliche Integration</topic></subject><subject authority="IZSOZ"><topic>dreigliedriges Schulwesen</topic></subject><subject authority="IZSOZ"><topic>internationaler Vergleich</topic></subject></mods>