<?xml version="1.0" encoding="UTF-8"?>
<modsCollection xmlns="http://www.loc.gov/mods/v3"><mods><titleInfo><title>XRX: XQueries in eXist</title></titleInfo><name type="personal"><namePart type="family">Tennison</namePart><namePart type="given">Jeni</namePart></name><originInfo><publisher>
                O'Reilly News
            </publisher><dateCreated>2008-07-03</dateCreated></originInfo><location><url>http://news.oreilly.com/2008/07/xrx-xqueries-in-exist.html</url></location></mods><mods><titleInfo><title>XRX: Performing Updates</title></titleInfo><name type="personal"><namePart type="family">Tennison</namePart><namePart type="given">Jeni</namePart></name><originInfo><publisher>O'Reilly News</publisher><dateCreated>2008-07-18</dateCreated></originInfo><location><url>http://news.oreilly.com/2008/07/xrx-performing-updates.html</url></location></mods><mods><titleInfo><title>XRX: Mapping URLs with Orbeon Forms</title></titleInfo><name type="personal"><namePart type="family">Tennison</namePart><namePart type="given">Jeni</namePart></name><originInfo><publisher>O'Reilly News</publisher><dateCreated>2008-07-6</dateCreated></originInfo><location><url>http://news.oreilly.com/2008/07/xrx-mapping-urls-with-orbeon-f.html</url></location></mods><mods><titleInfo><title>A Faculty Staff and Student Portal</title></titleInfo><typeOfResource>text</typeOfResource><genre authority="local">conferencePaper</genre><name type="personal"><namePart type="family">Wallace</namePart><namePart type="given">Chris</namePart></name><name type="conference"><namePart>eXist Workshop at XML Prague</namePart></name><originInfo><place><placeTerm type="text">Prague</placeTerm></place><dateCreated>2006 June 17</dateCreated></originInfo><location><url>http://atomic.exist-db.org/articles/Faculty%20Staff.pdf</url></location></mods><mods><titleInfo><title>eXist at ASML</title></titleInfo><typeOfResource>text</typeOfResource><genre authority="local">conferencePaper</genre><name type="personal"><namePart type="family">Wessels</namePart><namePart type="given">Dannes</namePart></name><name type="conference"><namePart>eXist Workshop at XML Prague</namePart></name><originInfo><place><placeTerm type="text">Prague</placeTerm></place><dateCreated>2006-06-17</dateCreated></originInfo><location><url>http://atomic.exist-db.org/articles/ASML%20and%20eXist.pdf</url></location></mods><mods><titleInfo><title>Index-driven XQuery processing in the eXist XML database</title></titleInfo><typeOfResource>text</typeOfResource><genre authority="local">conferencePaper</genre><name type="personal"><namePart type="family">Meier</namePart><namePart type="given">Wolfgang</namePart></name><name type="conference"><namePart>eXist Workshop at XML Prague</namePart></name><originInfo><place><placeTerm type="text">Prague</placeTerm></place><dateCreated>2006-06-17</dateCreated></originInfo><location><url>http://exist-db.org/xmlprague06.html</url><url displayLabel="slides">http://atomic.exist-db.org/articles/wolfgangs_talk.pdf</url></location><abstract>eXist provides its own XQuery implementation, which is backed by an efficient
            indexing scheme at the database core to support quick identification of structural node
            relationships. eXist's approach to XQuery processing can thus not be understood without
            knowing the indexing scheme and vice versa. Over the past years, two different indexing
            schemes for XML documents were implemented in eXist: while the first was based on an
            extended level-order numbering scheme, we recently switched to hierarchical node ids to
            overcome the limitations imposed by the former approach. The presentation provides a
            quick overview of these developments. I will try to summarize the logic behind both
            indexing schemes we implemented in eXist, and point out their strengths and deficencies.
            Based on this foundation, we should have a look at some central aspects of XQuery
            processing and optimization.</abstract></mods><mods><titleInfo><title>IT-based collaborative learning in Grammar</title></titleInfo><typeOfResource>text</typeOfResource><genre authority="local">conferencePaper</genre><name type="personal"><namePart type="family">Olsson</namePart><namePart type="given">Leif-Jöran</namePart></name><name type="conference"><namePart>eXist Workshop at XML Prague</namePart></name><originInfo><place><placeTerm type="text">Prague</placeTerm></place><dateCreated>2006-06-17</dateCreated></originInfo><location><url>http://atomic.exist-db.org/articles/ITG-xml-prague-20060618.pdf</url></location></mods><mods><titleInfo><title>Schema Validation</title></titleInfo><typeOfResource>text</typeOfResource><genre authority="local">conferencePaper</genre><name type="personal"><namePart type="family">Wessels</namePart><namePart type="given">Dannes</namePart></name><name type="conference"><namePart>eXist Workshop at XML Prague</namePart></name><originInfo><place><placeTerm type="text">Prague</placeTerm></place><dateCreated>2006-06-17</dateCreated></originInfo><location><url>http://atomic.exist-db.org/articles/Validating%20XML%20in%20eXist.pdf</url></location></mods><mods><titleInfo><title>The Devon Portal Community Directory</title></titleInfo><typeOfResource>text</typeOfResource><genre authority="local">conferencePaper</genre><name type="personal"><namePart type="family">Retter</namePart><namePart type="given">Adam</namePart></name><name type="conference"><namePart>eXist Workshop at XML Prague</namePart></name><originInfo><place><placeTerm type="text">Prague</placeTerm></place><dateCreated>2006-06-17</dateCreated></originInfo><location><url>http://atomic.exist-db.org/articles/XML%20Prague%20-%20Community%20Directory.pdf</url></location></mods><mods><titleInfo><title>XForms and the eXist XML database: a perfect couple</title></titleInfo><typeOfResource>text</typeOfResource><genre authority="local">conferencePaper</genre><name type="personal"><namePart type="family">Bruchez</namePart><namePart type="given">Erik</namePart></name><name type="conference"><namePart>XML 2007</namePart></name><originInfo><place><placeTerm type="text">Boston, MA</placeTerm></place><dateCreated>2007-12-03</dateCreated></originInfo><location><url>http://2007.xmlconference.org/public/schedule/detail/426</url></location></mods><mods><titleInfo><title>The Pure Declarative Approach: XForms in Real Estate Forms Case Study</title></titleInfo><typeOfResource>text</typeOfResource><genre authority="local">conferencePaper</genre><name type="personal"><namePart type="family">McCreary</namePart><namePart type="given">Dan</namePart></name><name type="conference"><namePart>XML 2007</namePart></name><originInfo><place><placeTerm type="text">Boston, MA</placeTerm></place><dateCreated>2007-12-03</dateCreated></originInfo><location><url>http://2007.xmlconference.org/public/schedule/detail/425</url></location></mods><mods><titleInfo><title>TEI Day in Kyoto 2006</title></titleInfo><typeOfResource>text</typeOfResource><genre authority="local">webpage</genre><genre authority="marcgt">web site</genre><name type="personal"><namePart type="family">Cummings</namePart><namePart type="given">James</namePart></name><name type="personal"><namePart type="family">Bingenheimer</namePart><namePart type="given">Marcus</namePart></name><originInfo><dateCreated>2006-05-17</dateCreated><dateCaptured>2009-02-14 21:12:54</dateCaptured></originInfo><location><url>http://coe21.zinbun.kyoto-u.ac.jp/tei-day/</url></location></mods><mods><titleInfo><title>Dr. Data Dictionary: And the Winner is: eXist-db.org My Award for the Most
                Innovative Product of 2007</title></titleInfo><typeOfResource>text</typeOfResource><genre authority="local">webpage</genre><genre authority="marcgt">web site</genre><name type="personal"><namePart type="family">McCreary</namePart><namePart type="given">Dan</namePart></name><originInfo><dateCreated>2007-12-17</dateCreated><dateCaptured>2009-02-14 22:20:31</dateCaptured></originInfo><location><url>http://datadictionary.blogspot.com/2007/12/and-winner-is-exist-dborg-my-award-for.html</url></location></mods><mods><titleInfo><title>XQuery takes center stage in eXist database</title></titleInfo><typeOfResource>text</typeOfResource><name type="personal"><namePart type="family">Grehan</namePart><namePart type="given">Rick</namePart></name><originInfo><dateCreated>2005-05-23</dateCreated><dateCaptured>2009-02-14 21:52:51</dateCaptured></originInfo><location><url>http://www.infoworld.com/article/05/05/23/21TCxmldbsb_1.html</url></location></mods><mods><titleInfo><title>XRX: Simple, Elegant, Disruptive - O'Reilly XML Blog</title></titleInfo><typeOfResource>text</typeOfResource><genre authority="local">webpage</genre><genre authority="marcgt">web site</genre><name type="personal"><namePart type="family">McCreary</namePart><namePart type="given">Dan</namePart></name><originInfo><dateCreated>2008-05-23</dateCreated></originInfo><location><url>http://www.oreillynet.com/xml/blog/2008/05/xrx_a_simple_elegant_disruptiv_1.html</url></location></mods><mods><titleInfo><title>XSLT 2, XPath 2, XQuery 1 ... Yeeaahhhhhh!</title></titleInfo><typeOfResource>text</typeOfResource><genre authority="local">webpage</genre><genre authority="marcgt">web site</genre><genre>blog</genre><name type="personal"><namePart type="family">Cagle</namePart><namePart type="given">Kurt</namePart></name><originInfo><dateCreated>2007-01-24</dateCreated></originInfo><location><url>http://www.oreillynet.com/xml/blog/2007/01/xslt_2_xpath_2_xquery_1_yeeaah.html</url></location></mods><mods><titleInfo><title>XML databases with eXist and ColdFusion</title></titleInfo><typeOfResource>text</typeOfResource><name type="personal"><namePart type="family">Dyson</namePart><namePart type="given">Tom</namePart></name><originInfo><dateCreated>2005</dateCreated></originInfo><location><url>http://www.throwingbeans.org/xml_databases_with_exist_and_coldfusion.html</url></location></mods><mods><titleInfo><title>XQuery, the Server Language</title></titleInfo><typeOfResource>text</typeOfResource><name type="personal"><namePart type="family">Cagle</namePart><namePart type="given">Kurt</namePart></name><originInfo><dateCreated>2007-06-06</dateCreated></originInfo><location><url>http://www.xml.com/pub/a/2007/06/01/xquery-the-server-language.html</url></location></mods><mods><titleInfo><title>eXist 1.0: Open Source XML Database</title></titleInfo><typeOfResource>text</typeOfResource><genre authority="local">webpage</genre><genre authority="marcgt">web site</genre><name type="personal"><namePart type="family">Meier</namePart><namePart type="given">Wolfgang</namePart></name><originInfo><dateCreated>2004-11-04</dateCreated></originInfo><location><url>http://www.theserverside.com/news/thread.tss?thread_id=29811</url></location></mods><mods><titleInfo><title>Understanding XForms</title></titleInfo><typeOfResource>text</typeOfResource><genre authority="local">webpage</genre><genre authority="marcgt">web site</genre><name type="personal"><namePart type="family">Cagle</namePart><namePart type="given">Kurt</namePart></name><originInfo><dateCreated>2007-06-05</dateCreated></originInfo><location><url>http://www.ibm.com/developerworks/xml/library/x-xformsxadventure/</url></location></mods><mods><titleInfo><title>Dr. Data Dictionary: The eXist OpenSource Native XML Database</title></titleInfo><typeOfResource>text</typeOfResource><genre authority="local">webpage</genre><genre authority="marcgt">web site</genre><name type="personal"><namePart type="family">McCreary</namePart><namePart type="given">Dan</namePart></name><originInfo><dateCreated>2007-02-15</dateCreated></originInfo><location><url>http://datadictionary.blogspot.com/2007/02/exist-opensource-native-xml-database.html</url></location></mods><mods><titleInfo><title>XForms/eXist - Wikibooks, collection of open-content textbooks</title></titleInfo><typeOfResource>text</typeOfResource><genre authority="local">webpage</genre><genre authority="marcgt">web site</genre><originInfo><dateCreated>2008-08-18</dateCreated></originInfo><location><url>http://en.wikibooks.org/wiki/XForms/eXist</url></location></mods><mods><titleInfo><title>I Think, Therefore I eXist ...</title></titleInfo><typeOfResource>text</typeOfResource><genre authority="local">webpage</genre><genre authority="marcgt">web site</genre><name type="personal"><namePart type="family">Cagle</namePart><namePart type="given">Kurt</namePart></name><originInfo><dateCreated>2006-09-17</dateCreated></originInfo><location><url>http://www.oreillynet.com/xml/blog/2006/09/i_think_therefore_i_exist.html</url></location></mods><mods><titleInfo><title>Managing XML data: eXist -- an open source native XML database</title></titleInfo><typeOfResource>text</typeOfResource><genre authority="local">webpage</genre><genre authority="marcgt">web site</genre><name type="personal"><namePart type="family">Harold</namePart><namePart type="given">Elliotte Rusty</namePart></name><originInfo><dateCreated>2005-06-27</dateCreated></originInfo><location><url>http://www.ibm.com/developerworks/library/x-mxd5/</url></location></mods><mods><titleInfo><title>Making XQuery Control Structures Work for You</title></titleInfo><typeOfResource>text</typeOfResource><genre authority="local">webpage</genre><genre authority="marcgt">web site</genre><name type="personal"><namePart type="family">Cagle</namePart><namePart type="given">Kurt</namePart></name><originInfo><dateCreated>2008-08-19</dateCreated></originInfo><location><url>http://www.devx.com/xml/Article/38898</url></location></mods><mods><titleInfo><title>From Social to Serious: Combining Twitter and RESTful Web Services</title></titleInfo><abstract>
            Twitter is ideal for performing all kinds of useful programmatic projects. See how to create a RESTful data application around an XML database, and you will learn how to make the Twitter API work with virtual collections. 
        </abstract><typeOfResource>text</typeOfResource><genre authority="local">webpage</genre><genre authority="marcgt">web site</genre><name type="personal"><namePart type="family">Cagle</namePart><namePart type="given">Kurt</namePart></name><originInfo><dateCreated>2009-03-30</dateCreated></originInfo><location><url>http://www.devx.com/webdev/Article/41337</url></location></mods><mods><titleInfo><title>eXist - An Introduction To Open Source Native XML Database | XML Journal</title></titleInfo><typeOfResource>text</typeOfResource><genre authority="local">webpage</genre><genre authority="marcgt">web site</genre><name type="personal"><namePart type="family">Mimaroglu</namePart><namePart type="given">Selim</namePart></name><originInfo><dateCreated>2005-11-30</dateCreated></originInfo><location><url>http://xml.sys-con.com/node/155664</url></location></mods><mods><titleInfo><title>Introducing XQueryURLRewrite</title></titleInfo><name type="personal"><namePart type="family">Meier</namePart><namePart type="given">Wolfgang</namePart></name><originInfo><dateCreated>2008-12-08</dateCreated></originInfo><location><url>http://atomic.exist-db.org/blogs/eXist/IntroducingXQueryURLRewrite</url></location></mods><mods><titleInfo><title>Another Old Problem is Solved: Processing In-Memory Fragments</title></titleInfo><name type="personal"><namePart type="family">Meier</namePart><namePart type="given">Wolfgang</namePart></name><originInfo><dateCreated>2008-04-01</dateCreated></originInfo><location><url>http://atomic.exist-db.org/blogs/eXist/InMemoryFragments</url></location></mods><mods><titleInfo><title>Understanding the New Indexing Features</title></titleInfo><name type="personal"><namePart type="family">Meier</namePart><namePart type="given">Wolfgang</namePart></name><originInfo><dateCreated>2007-12-03</dateCreated></originInfo><location><url>http://atomic.exist-db.org/blogs/eXist/NewIndexing</url></location></mods><mods><titleInfo><title>New Full Text Index is Based on Lucene</title></titleInfo><name type="personal"><namePart type="family">Meier</namePart><namePart type="given">Wolfgang</namePart></name><originInfo><dateCreated>2008-10-24</dateCreated></originInfo><location><url>http://atomic.exist-db.org/blogs/eXist/LuceneIndexModule</url></location></mods><mods><titleInfo><title>XQuery/Keyword Search</title></titleInfo><name type="personal"><namePart type="family">Wicentowski</namePart><namePart type="given">Joe</namePart></name><originInfo><dateCreated>2009-01-10</dateCreated><publisher>XQuery Wikibook</publisher></originInfo><location><url>http://en.wikibooks.org/wiki/XQuery/Keyword_Search</url></location></mods><mods><titleInfo><title>Advancing with XQuery: Develop application idioms</title></titleInfo><name type="personal"><namePart type="family">Fuller</namePart><namePart type="given">James R.</namePart></name><typeOfResource>text</typeOfResource><originInfo><dateCreated>2008-09-30</dateCreated></originInfo><location><url>http://jim.fuller.name/x-advxquery-pdf.pdf</url></location></mods><mods><titleInfo><title>Dashboards with XQuery: Present business data with a Web-based dashboard</title></titleInfo><name type="personal"><namePart type="family">Fuller</namePart><namePart type="given">James R.</namePart></name><typeOfResource>text</typeOfResource><originInfo><dateCreated>2009-03-31</dateCreated></originInfo><location><url>http://www.ibm.com/developerworks/xml/library/x-xqdashboard/</url></location></mods><mods><titleInfo><title>Implement Web cut-and-paste using Atom XML and Firefox XUL: Create AtomClip: A Web clipboard</title></titleInfo><name type="personal"><namePart type="family">Fuller</namePart><namePart type="given">James R.</namePart></name><typeOfResource>text</typeOfResource><originInfo><dateCreated>2009-05-02</dateCreated></originInfo><location><url>http://www.ibm.com/developerworks/xml/library/x-cldexp/</url></location></mods><mods><titleInfo><title>eXist: An Open Source Native XML Database</title></titleInfo><name type="personal"><namePart type="family">Meier</namePart><namePart type="given">Wolfgang</namePart></name><name type="conference"><namePart>Web, Web-Services, and Database Systems. NODe 2002 Web- and Database-Related Workshops</namePart></name><originInfo><dateCreated>2002-10</dateCreated><place><placeTerm>Erfurt, Germany</placeTerm></place></originInfo><location><url>http://exist-db.org/webdb.pdf</url></location></mods></modsCollection>