<collection xmlns="http://exist.sourceforge.net/NS/exist" name="/db" version="1" owner="admin" group="dba" mode="777" created="2011-03-28T00:27:20.712-04:00">
    <resource type="XMLResource" name="build.xml" skip="no" owner="admin" group="dba" mode="755" created="2011-03-28T20:22:27.526-04:00" modified="2011-03-28T20:22:27.526-04:00" filename="build.xml" mimetype="text/xml"/>
    <resource type="XMLResource" name="examples.xml" skip="no" owner="admin" group="dba" mode="755" created="2011-03-28T20:22:27.546-04:00" modified="2011-03-28T20:22:27.546-04:00" filename="examples.xml" mimetype="text/xml"/>
    <subcollection name="system" filename="system"/>
    <subcollection name="library" filename="library"/>
    <subcollection name="xmlad" filename="xmlad"/>
    <subcollection name="todo" filename="todo"/>
    <subcollection name="xproc" filename="xproc"/>
    <subcollection name="xinclude" filename="xinclude"/>
    <subcollection name="4302Collection" filename="4302Collection"/>
    <subcollection name="mods" filename="mods"/>
    <subcollection name="shakespeare" filename="shakespeare"/>
    <subcollection name="twitter" filename="twitter"/>
</collection>