<collection xmlns="http://exist.sourceforge.net/NS/exist" name="/db/xproc/pipelines" version="1" owner="admin" group="dba" mode="755" created="2011-03-28T20:22:27.689-04:00">
    <resource type="XMLResource" name="helloworld.xml" skip="no" owner="admin" group="dba" mode="755" created="2011-03-28T20:22:27.998-04:00" modified="2011-03-28T20:22:27.998-04:00" filename="helloworld.xml" mimetype="text/xml"/>
    <resource type="XMLResource" name="padd-attribute.xml" skip="no" owner="admin" group="dba" mode="755" created="2011-03-28T20:22:28.029-04:00" modified="2011-03-28T20:22:28.029-04:00" filename="padd-attribute.xml" mimetype="text/xml"/>
    <resource type="XMLResource" name="pchoose.xml" skip="no" owner="admin" group="dba" mode="755" created="2011-03-28T20:22:28.057-04:00" modified="2011-03-28T20:22:28.057-04:00" filename="pchoose.xml" mimetype="text/xml"/>
    <resource type="XMLResource" name="pcount.xml" skip="no" owner="admin" group="dba" mode="755" created="2011-03-28T20:22:28.084-04:00" modified="2011-03-28T20:22:28.084-04:00" filename="pcount.xml" mimetype="text/xml"/>
    <resource type="XMLResource" name="pdelete.xml" skip="no" owner="admin" group="dba" mode="755" created="2011-03-28T20:22:28.124-04:00" modified="2011-03-28T20:22:28.124-04:00" filename="pdelete.xml" mimetype="text/xml"/>
    <resource type="XMLResource" name="pdirectory-list.xml" skip="no" owner="admin" group="dba" mode="755" created="2011-03-28T20:22:28.138-04:00" modified="2011-03-28T20:22:28.138-04:00" filename="pdirectory-list.xml" mimetype="text/xml"/>
    <resource type="XMLResource" name="perror.xml" skip="no" owner="admin" group="dba" mode="755" created="2011-03-28T20:22:28.159-04:00" modified="2011-03-28T20:22:28.159-04:00" filename="perror.xml" mimetype="text/xml"/>
    <resource type="XMLResource" name="pescape-markup.xml" skip="no" owner="admin" group="dba" mode="755" created="2011-03-28T20:22:28.193-04:00" modified="2011-03-28T20:22:28.193-04:00" filename="pescape-markup.xml" mimetype="text/xml"/>
    <resource type="XMLResource" name="pfor-each.xml" skip="no" owner="admin" group="dba" mode="755" created="2011-03-28T20:22:28.209-04:00" modified="2011-03-28T20:22:28.209-04:00" filename="pfor-each.xml" mimetype="text/xml"/>
    <resource type="XMLResource" name="pgroup.xml" skip="no" owner="admin" group="dba" mode="755" created="2011-03-28T20:22:28.239-04:00" modified="2011-03-28T20:22:28.239-04:00" filename="pgroup.xml" mimetype="text/xml"/>
    <resource type="XMLResource" name="phttp-request.xml" skip="no" owner="admin" group="dba" mode="755" created="2011-03-28T20:22:28.258-04:00" modified="2011-03-28T20:22:28.258-04:00" filename="phttp-request.xml" mimetype="text/xml"/>
    <resource type="XMLResource" name="phttp-request2.xml" skip="no" owner="admin" group="dba" mode="755" created="2011-03-28T20:22:28.283-04:00" modified="2011-03-28T20:22:28.283-04:00" filename="phttp-request2.xml" mimetype="text/xml"/>
    <resource type="XMLResource" name="pinsert.xml" skip="no" owner="admin" group="dba" mode="755" created="2011-03-28T20:22:28.301-04:00" modified="2011-03-28T20:22:28.301-04:00" filename="pinsert.xml" mimetype="text/xml"/>
    <resource type="XMLResource" name="plabel-elements.xml" skip="no" owner="admin" group="dba" mode="755" created="2011-03-28T20:22:28.327-04:00" modified="2011-03-28T20:22:28.327-04:00" filename="plabel-elements.xml" mimetype="text/xml"/>
    <resource type="XMLResource" name="pload.xml" skip="no" owner="admin" group="dba" mode="755" created="2011-03-28T20:22:28.348-04:00" modified="2011-03-28T20:22:28.348-04:00" filename="pload.xml" mimetype="text/xml"/>
    <resource type="XMLResource" name="ppack.xml" skip="no" owner="admin" group="dba" mode="755" created="2011-03-28T20:22:28.371-04:00" modified="2011-03-28T20:22:28.371-04:00" filename="ppack.xml" mimetype="text/xml"/>
    <resource type="XMLResource" name="prename.xml" skip="no" owner="admin" group="dba" mode="755" created="2011-03-28T20:22:28.39-04:00" modified="2011-03-28T20:22:28.39-04:00" filename="prename.xml" mimetype="text/xml"/>
    <resource type="XMLResource" name="preplace.xml" skip="no" owner="admin" group="dba" mode="755" created="2011-03-28T20:22:28.421-04:00" modified="2011-03-28T20:22:28.421-04:00" filename="preplace.xml" mimetype="text/xml"/>
    <resource type="XMLResource" name="pset-attributes.xml" skip="no" owner="admin" group="dba" mode="755" created="2011-03-28T20:22:28.433-04:00" modified="2011-03-28T20:22:28.433-04:00" filename="pset-attributes.xml" mimetype="text/xml"/>
    <resource type="XMLResource" name="pstore.xml" skip="no" owner="admin" group="dba" mode="755" created="2011-03-28T20:22:28.458-04:00" modified="2011-03-28T20:22:28.458-04:00" filename="pstore.xml" mimetype="text/xml"/>
    <resource type="XMLResource" name="pstore2.xml" skip="no" owner="admin" group="dba" mode="755" created="2011-03-28T20:22:28.483-04:00" modified="2011-03-28T20:22:28.483-04:00" filename="pstore2.xml" mimetype="text/xml"/>
    <resource type="XMLResource" name="pstring-replace.xml" skip="no" owner="admin" group="dba" mode="755" created="2011-03-28T20:22:28.506-04:00" modified="2011-03-28T20:22:28.506-04:00" filename="pstring-replace.xml" mimetype="text/xml"/>
    <resource type="XMLResource" name="punwrap.xml" skip="no" owner="admin" group="dba" mode="755" created="2011-03-28T20:22:28.555-04:00" modified="2011-03-28T20:22:28.555-04:00" filename="punwrap.xml" mimetype="text/xml"/>
    <resource type="XMLResource" name="puuid.xml" skip="no" owner="admin" group="dba" mode="755" created="2011-03-28T20:22:28.58-04:00" modified="2011-03-28T20:22:28.58-04:00" filename="puuid.xml" mimetype="text/xml"/>
    <resource type="XMLResource" name="pwrap-sequence.xml" skip="no" owner="admin" group="dba" mode="755" created="2011-03-28T20:22:28.594-04:00" modified="2011-03-28T20:22:28.594-04:00" filename="pwrap-sequence.xml" mimetype="text/xml"/>
    <resource type="XMLResource" name="pwrap.xml" skip="no" owner="admin" group="dba" mode="755" created="2011-03-28T20:22:28.608-04:00" modified="2011-03-28T20:22:28.608-04:00" filename="pwrap.xml" mimetype="text/xml"/>
    <resource type="XMLResource" name="pxsl-formatter.xml" skip="no" owner="admin" group="dba" mode="755" created="2011-03-28T20:22:28.7-04:00" modified="2011-03-28T20:22:28.7-04:00" filename="pxsl-formatter.xml" mimetype="text/xml"/>
    <resource type="XMLResource" name="pxsl-formatter2.xml" skip="no" owner="admin" group="dba" mode="755" created="2011-03-28T20:22:28.737-04:00" modified="2011-03-28T20:22:28.737-04:00" filename="pxsl-formatter2.xml" mimetype="text/xml"/>
    <resource type="XMLResource" name="pxslt.xml" skip="no" owner="admin" group="dba" mode="755" created="2011-03-28T20:22:28.762-04:00" modified="2011-03-28T20:22:28.762-04:00" filename="pxslt.xml" mimetype="text/xml"/>
</collection>