<collection xmlns="http://exist.sourceforge.net/NS/exist" name="/db/4302Collection" version="1" owner="guest" group="guest" mode="755" created="2011-03-28T20:46:54.089-04:00">
    <resource type="BinaryResource" name="resource13.jar" skip="no" owner="guest" group="guest" mode="755" created="2011-03-29T18:00:56.983-04:00" modified="2011-03-29T18:00:56.983-04:00" filename="resource13.jar" mimetype="application/x-www-form-urlencoded"/>
    <resource type="XMLResource" name=".feed.atom" skip="no" owner="guest" group="guest" mode="755" created="2011-03-28T20:46:54.115-04:00" modified="2011-03-28T20:46:54.115-04:00" filename=".feed.atom" mimetype="text/xml"/>
    <resource type="BinaryResource" name="resource1.jar" skip="no" owner="guest" group="guest" mode="755" created="2011-03-29T00:34:49.714-04:00" modified="2011-03-29T00:35:18.854-04:00" filename="resource1.jar" mimetype="application/x-www-form-urlencoded"/>
    <resource type="BinaryResource" name="resource2.jar" skip="no" owner="guest" group="guest" mode="755" created="2011-03-29T00:35:51.834-04:00" modified="2011-03-29T00:35:51.834-04:00" filename="resource2.jar" mimetype="application/x-www-form-urlencoded"/>
    <resource type="BinaryResource" name="resource3.jar" skip="no" owner="guest" group="guest" mode="755" created="2011-03-29T17:50:00.987-04:00" modified="2011-03-29T17:50:00.987-04:00" filename="resource3.jar" mimetype="application/x-www-form-urlencoded"/>
    <resource type="BinaryResource" name="resource4.jar" skip="no" owner="guest" group="guest" mode="755" created="2011-03-29T17:50:58.401-04:00" modified="2011-03-29T17:50:58.401-04:00" filename="resource4.jar" mimetype="application/x-www-form-urlencoded"/>
    <resource type="BinaryResource" name="resource5.jar" skip="no" owner="guest" group="guest" mode="755" created="2011-03-29T17:52:25.464-04:00" modified="2011-03-29T17:52:25.464-04:00" filename="resource5.jar" mimetype="application/x-www-form-urlencoded"/>
    <resource type="BinaryResource" name="resource6.jar" skip="no" owner="guest" group="guest" mode="755" created="2011-03-29T17:53:18.08-04:00" modified="2011-03-29T17:53:18.08-04:00" filename="resource6.jar" mimetype="application/x-www-form-urlencoded"/>
    <resource type="BinaryResource" name="resource7.jar" skip="no" owner="guest" group="guest" mode="755" created="2011-03-29T17:54:05.616-04:00" modified="2011-03-29T17:54:05.616-04:00" filename="resource7.jar" mimetype="application/x-www-form-urlencoded"/>
    <resource type="BinaryResource" name="resource8.jar" skip="no" owner="guest" group="guest" mode="755" created="2011-03-29T17:54:53.399-04:00" modified="2011-03-29T17:54:53.399-04:00" filename="resource8.jar" mimetype="application/x-www-form-urlencoded"/>
    <resource type="BinaryResource" name="resource9.jar" skip="no" owner="guest" group="guest" mode="755" created="2011-03-29T17:57:43.018-04:00" modified="2011-03-29T17:57:43.018-04:00" filename="resource9.jar" mimetype="application/x-www-form-urlencoded"/>
    <resource type="BinaryResource" name="resource10.jar" skip="no" owner="guest" group="guest" mode="755" created="2011-03-29T17:58:30.651-04:00" modified="2011-03-29T17:58:30.651-04:00" filename="resource10.jar" mimetype="application/x-www-form-urlencoded"/>
    <resource type="BinaryResource" name="resource11.jar" skip="no" owner="guest" group="guest" mode="755" created="2011-03-29T17:59:18.349-04:00" modified="2011-03-29T17:59:18.349-04:00" filename="resource11.jar" mimetype="application/x-www-form-urlencoded"/>
    <resource type="BinaryResource" name="resource12.jar" skip="no" owner="guest" group="guest" mode="755" created="2011-03-29T18:00:08.343-04:00" modified="2011-03-29T18:00:08.343-04:00" filename="resource12.jar" mimetype="application/x-www-form-urlencoded"/>
    <subcollection name="carllagoze" filename="carllagoze"/>
    <subcollection name=".feed.entry" filename=".feed.entry"/>
</collection>