<collection xmlns="http://exist.sourceforge.net/NS/exist" name="/db/xproc/examples" version="1" owner="admin" group="dba" mode="755" created="2011-03-28T20:22:27.687-04:00">
    <resource type="XMLResource" name="complex-pipeline.xproc" skip="no" owner="admin" group="dba" mode="755" created="2011-03-28T20:22:28.94-04:00" modified="2011-03-28T20:22:28.94-04:00" filename="complex-pipeline.xproc" mimetype="application/xml+xproc"/>
    <resource type="XMLResource" name="extrunstep.xproc" skip="no" owner="admin" group="dba" mode="755" created="2011-03-28T20:22:28.958-04:00" modified="2011-03-28T20:22:28.958-04:00" filename="extrunstep.xproc" mimetype="application/xml+xproc"/>
    <resource type="XMLResource" name="hello.xproc" skip="no" owner="admin" group="dba" mode="755" created="2011-03-28T20:22:28.983-04:00" modified="2011-03-28T20:22:28.983-04:00" filename="hello.xproc" mimetype="application/xml+xproc"/>
    <resource type="XMLResource" name="pdeclare-step.xproc" skip="no" owner="admin" group="dba" mode="755" created="2011-03-28T20:22:29.011-04:00" modified="2011-03-28T20:22:29.011-04:00" filename="pdeclare-step.xproc" mimetype="application/xml+xproc"/>
    <resource type="XMLResource" name="pdirectory-list-local.xproc" skip="no" owner="admin" group="dba" mode="755" created="2011-03-28T20:22:29.046-04:00" modified="2011-03-28T20:22:29.046-04:00" filename="pdirectory-list-local.xproc" mimetype="application/xml+xproc"/>
    <resource type="XMLResource" name="pdirectory-list-native.xproc" skip="no" owner="admin" group="dba" mode="755" created="2011-03-28T20:22:29.063-04:00" modified="2011-03-28T20:22:29.063-04:00" filename="pdirectory-list-native.xproc" mimetype="application/xml+xproc"/>
    <resource type="XMLResource" name="perror.xproc" skip="no" owner="admin" group="dba" mode="755" created="2011-03-28T20:22:29.085-04:00" modified="2011-03-28T20:22:29.085-04:00" filename="perror.xproc" mimetype="application/xml+xproc"/>
    <resource type="XMLResource" name="pescape-markup.xproc" skip="no" owner="admin" group="dba" mode="755" created="2011-03-28T20:22:29.114-04:00" modified="2011-03-28T20:22:29.114-04:00" filename="pescape-markup.xproc" mimetype="application/xml+xproc"/>
    <resource type="XMLResource" name="pfor-each.xproc" skip="no" owner="admin" group="dba" mode="755" created="2011-03-28T20:22:29.136-04:00" modified="2011-03-28T20:22:29.136-04:00" filename="pfor-each.xproc" mimetype="application/xml+xproc"/>
    <resource type="XMLResource" name="phttp-request.xproc" skip="no" owner="admin" group="dba" mode="755" created="2011-03-28T20:22:29.155-04:00" modified="2011-03-28T20:22:29.155-04:00" filename="phttp-request.xproc" mimetype="application/xml+xproc"/>
    <resource type="XMLResource" name="phttp-request2.xproc" skip="no" owner="admin" group="dba" mode="755" created="2011-03-28T20:22:29.181-04:00" modified="2011-03-28T20:22:29.181-04:00" filename="phttp-request2.xproc" mimetype="application/xml+xproc"/>
    <resource type="XMLResource" name="simple-pipeline.xproc" skip="no" owner="admin" group="dba" mode="755" created="2011-03-28T20:22:29.238-04:00" modified="2011-03-28T20:22:29.238-04:00" filename="simple-pipeline.xproc" mimetype="application/xml+xproc"/>
    <resource type="XMLResource" name="twitter.xproc" skip="no" owner="admin" group="dba" mode="755" created="2011-03-28T20:22:29.258-04:00" modified="2011-03-28T20:22:29.258-04:00" filename="twitter.xproc" mimetype="application/xml+xproc"/>
    <resource type="XMLResource" name="xslt-identity.xproc" skip="no" owner="admin" group="dba" mode="755" created="2011-03-28T20:22:29.298-04:00" modified="2011-03-28T20:22:29.298-04:00" filename="xslt-identity.xproc" mimetype="application/xml+xproc"/>
    <resource type="XMLResource" name="stylesheet.xml" skip="no" owner="admin" group="dba" mode="755" created="2011-03-28T20:22:29.328-04:00" modified="2011-03-28T20:22:29.328-04:00" filename="stylesheet.xml" mimetype="text/xml"/>
    <resource type="XMLResource" name="test.xml" skip="no" owner="admin" group="dba" mode="755" created="2011-03-28T20:22:29.362-04:00" modified="2011-03-28T20:22:29.362-04:00" filename="test.xml" mimetype="text/xml"/>
    <resource type="XMLResource" name="test1.xml" skip="no" owner="admin" group="dba" mode="755" created="2011-03-28T20:22:29.379-04:00" modified="2011-03-28T20:22:29.379-04:00" filename="test1.xml" mimetype="text/xml"/>
    <resource type="BinaryResource" name="twitter-view.xql" skip="no" owner="admin" group="dba" mode="755" created="2011-03-28T20:22:29.408-04:00" modified="2011-03-28T20:22:29.408-04:00" filename="twitter-view.xql" mimetype="application/xquery"/>
</collection>