<collection xmlns="http://exist.sourceforge.net/NS/exist" name="/db/xinclude" version="1" owner="admin" group="dba" mode="755" created="2011-03-28T20:22:24.871-04:00">
    <resource type="XMLResource" name="db2html.xsl" skip="no" owner="admin" group="dba" mode="755" created="2011-03-28T20:22:24.902-04:00" modified="2011-03-28T20:22:24.902-04:00" filename="db2html.xsl" mimetype="text/xml"/>
    <resource type="XMLResource" name="xmlsource.xsl" skip="no" owner="admin" group="dba" mode="755" created="2011-03-28T20:22:25.193-04:00" modified="2011-03-28T20:22:25.193-04:00" filename="xmlsource.xsl" mimetype="text/xml"/>
    <resource type="XMLResource" name="disclaimer.xml" skip="no" owner="admin" group="dba" mode="755" created="2011-03-28T20:22:25.259-04:00" modified="2011-03-28T20:22:25.259-04:00" filename="disclaimer.xml" mimetype="text/xml"/>
    <resource type="XMLResource" name="sidebar.xml" skip="no" owner="admin" group="dba" mode="755" created="2011-03-28T20:22:25.552-04:00" modified="2011-03-28T20:22:25.552-04:00" filename="sidebar.xml" mimetype="text/xml"/>
    <resource type="XMLResource" name="xinclude.xml" skip="no" owner="admin" group="dba" mode="755" created="2011-03-28T20:22:25.608-04:00" modified="2011-03-28T20:22:25.608-04:00" filename="xinclude.xml" mimetype="text/xml"/>
    <resource type="BinaryResource" name="display-collection.xq" skip="no" owner="admin" group="dba" mode="755" created="2011-03-28T20:22:25.685-04:00" modified="2011-03-28T20:22:25.685-04:00" filename="display-collection.xq" mimetype="application/xquery"/>
    <resource type="BinaryResource" name="testvars.xq" skip="no" owner="admin" group="dba" mode="755" created="2011-03-28T20:22:25.702-04:00" modified="2011-03-28T20:22:25.702-04:00" filename="testvars.xq" mimetype="application/xquery"/>
    <resource type="BinaryResource" name="logo.jpg" skip="no" owner="admin" group="dba" mode="755" created="2011-03-28T20:22:25.723-04:00" modified="2011-03-28T20:22:25.723-04:00" filename="logo.jpg" mimetype="image/jpeg"/>
    <subcollection name="styles" filename="styles"/>
    <subcollection name="scripts" filename="scripts"/>
</collection>