<collection xmlns="http://exist.sourceforge.net/NS/exist" name="/db/4302Collection/.feed.entry" version="1" owner="guest" group="guest" mode="755" created="2011-03-29T00:34:50.094-04:00">
    <resource type="XMLResource" name="da6aa07e-4dfc-45c0-97ae-15b21c0c6d47.entry.atom" skip="no" owner="guest" group="guest" mode="755" created="2011-03-29T18:00:08.35-04:00" modified="2011-03-29T18:00:08.35-04:00" filename="da6aa07e-4dfc-45c0-97ae-15b21c0c6d47.entry.atom" mimetype="text/xml"/>
    <resource type="XMLResource" name="def5535f-1387-473e-8dc1-945cd893b120.entry.atom" skip="no" owner="guest" group="guest" mode="755" created="2011-03-29T18:00:56.989-04:00" modified="2011-03-29T18:00:56.989-04:00" filename="def5535f-1387-473e-8dc1-945cd893b120.entry.atom" mimetype="text/xml"/>
    <resource type="XMLResource" name="8869f0fd-1d02-42d7-8ddb-18733abfd8b0.entry.atom" skip="no" owner="guest" group="guest" mode="755" created="2011-03-29T00:34:50.095-04:00" modified="2011-03-29T00:34:50.095-04:00" filename="8869f0fd-1d02-42d7-8ddb-18733abfd8b0.entry.atom" mimetype="text/xml"/>
    <resource type="XMLResource" name="53750000-2a9a-4f19-884e-aedd3f3163e4.entry.atom" skip="no" owner="guest" group="guest" mode="755" created="2011-03-29T00:35:18.876-04:00" modified="2011-03-29T00:35:18.876-04:00" filename="53750000-2a9a-4f19-884e-aedd3f3163e4.entry.atom" mimetype="text/xml"/>
    <resource type="XMLResource" name="592e7533-1057-42ab-9bcb-8ecbdc1fdb35.entry.atom" skip="no" owner="guest" group="guest" mode="755" created="2011-03-29T00:35:51.84-04:00" modified="2011-03-29T00:35:51.84-04:00" filename="592e7533-1057-42ab-9bcb-8ecbdc1fdb35.entry.atom" mimetype="text/xml"/>
    <resource type="XMLResource" name="936b51d4-a743-49c9-a3b9-ef3d19130031.entry.atom" skip="no" owner="guest" group="guest" mode="755" created="2011-03-29T17:50:01.213-04:00" modified="2011-03-29T17:50:01.213-04:00" filename="936b51d4-a743-49c9-a3b9-ef3d19130031.entry.atom" mimetype="text/xml"/>
    <resource type="XMLResource" name="575c6ed0-ce93-4c07-9d14-a1f86653b221.entry.atom" skip="no" owner="guest" group="guest" mode="755" created="2011-03-29T17:50:58.41-04:00" modified="2011-03-29T17:50:58.41-04:00" filename="575c6ed0-ce93-4c07-9d14-a1f86653b221.entry.atom" mimetype="text/xml"/>
    <resource type="XMLResource" name="8f3e601a-6c84-46eb-b7c6-f1db32f77459.entry.atom" skip="no" owner="guest" group="guest" mode="755" created="2011-03-29T17:52:25.471-04:00" modified="2011-03-29T17:52:25.471-04:00" filename="8f3e601a-6c84-46eb-b7c6-f1db32f77459.entry.atom" mimetype="text/xml"/>
    <resource type="XMLResource" name="0410ba08-2c12-4067-a345-83f87b8db5ed.entry.atom" skip="no" owner="guest" group="guest" mode="755" created="2011-03-29T17:53:18.087-04:00" modified="2011-03-29T17:53:18.087-04:00" filename="0410ba08-2c12-4067-a345-83f87b8db5ed.entry.atom" mimetype="text/xml"/>
    <resource type="XMLResource" name="eb825d44-ae25-4f67-99cd-3b12945149c2.entry.atom" skip="no" owner="guest" group="guest" mode="755" created="2011-03-29T17:54:05.622-04:00" modified="2011-03-29T17:54:05.622-04:00" filename="eb825d44-ae25-4f67-99cd-3b12945149c2.entry.atom" mimetype="text/xml"/>
    <resource type="XMLResource" name="04277009-dea6-4329-bb69-6a263a6a0ab7.entry.atom" skip="no" owner="guest" group="guest" mode="755" created="2011-03-29T17:54:53.405-04:00" modified="2011-03-29T17:54:53.405-04:00" filename="04277009-dea6-4329-bb69-6a263a6a0ab7.entry.atom" mimetype="text/xml"/>
    <resource type="XMLResource" name="dd79f06e-22cf-4fbf-a808-3764c8bdd210.entry.atom" skip="no" owner="guest" group="guest" mode="755" created="2011-03-29T17:57:43.024-04:00" modified="2011-03-29T17:57:43.024-04:00" filename="dd79f06e-22cf-4fbf-a808-3764c8bdd210.entry.atom" mimetype="text/xml"/>
    <resource type="XMLResource" name="35c7c910-632d-497a-afe4-f0550b4a4421.entry.atom" skip="no" owner="guest" group="guest" mode="755" created="2011-03-29T17:58:30.657-04:00" modified="2011-03-29T17:58:30.657-04:00" filename="35c7c910-632d-497a-afe4-f0550b4a4421.entry.atom" mimetype="text/xml"/>
    <resource type="XMLResource" name="0bd73430-0d25-41de-b6e6-8f4c964b5a50.entry.atom" skip="no" owner="guest" group="guest" mode="755" created="2011-03-29T17:59:18.361-04:00" modified="2011-03-29T17:59:18.361-04:00" filename="0bd73430-0d25-41de-b6e6-8f4c964b5a50.entry.atom" mimetype="text/xml"/>
</collection>